"Taxon","Estimated_Spatiotemporal_probability","Number_of_records","Max_probability","Min_probability"
"Alnus glutinosa (L.) Gaertn.",100,2000,91.3,56.4
"Populus canescens (Aiton) Sm.",97.8,400,90.8,9.1
"Fraxinus angustifolia Vahl subsp. oxycarpa (Willd.) Franco & Rocha Afonso",100,2000,91.5,65.5
"Quercus robur L. subsp. robur",100,2000,91.5,70.9
"Quercus ilex L. subsp. ilex",100,2000,91.5,58.8
"Crataegus monogyna Jacq.",100,2000,91.3,55.7
"Malus sylvestris (L.) Mill.",97.5,800,72.9,8.4
"Rubia peregrina L.",100,2000,90.2,9.1
"Smilax aspera L.",100,2000,90.2,9.1
"Fraxinus ornus L. subsp. ornus",100,2000,290.9,9.1
"Hedera helix L. subsp. helix",100,2000,91.5,9.1
"Rubus ulmifolius Schott",100,2000,91.5,47.3
"Euonymus europaeus L.",100,2000,91.5,9.1
"Ulmus minor Mill. subsp. minor",100,2000,91.5,70.5
"Lonicera caprifolium L.",100,2000,84.7,9.1
"Cyclamen repandum Sm. subsp. repandum",100,2000,91.5,6.8
"Acer campestre L.",100,2000,91.5,7.3
"Cornus mas L.",99.8,1900,73.6,7
"Ruscus aculeatus L.",100,2000,91.5,9.1
"Populus alba L.",100,2000,91.3,7.3
"Ligustrum vulgare L.",100,2000,90.2,9.1
"Vitis vinifera L.",100,1400,91.3,7.3
"Periploca graeca L.",100,2000,91.1,20.2
"Carex distans L.",100,1100,85.7,8.3
"Clematis vitalba L.",100,1600,91.5,9.1
"Veronica chamaedrys L. subsp. chamaedrys",76.9,200,74.9,8.1
"Solanum dulcamara L.",100,1200,90.9,7.3
"Hydrocotyle vulgaris L.",100,1700,87.4,7.3
"Thelypteris palustris Schott",100,2000,214.7,0.3
"Mentha aquatica L. subsp. aquatica",100,2000,91.3,9.1
"Carex remota L.",100,2000,91.5,9.1
"Juncus effusus L. subsp. effusus",100,2000,91.3,9.1
"Galium palustre L. subsp. palustre",100,2000,91.3,9.1
"Potentilla reptans L.",100,2000,98.9,9.1
"Agrostis stolonifera L. subsp. stolonifera",100,2000,91.3,9.1
"Urtica dioica L. subsp. dioica",100,2000,91.5,7.3
"Carex sylvatica Huds. subsp. sylvatica",100,2000,91.5,9.1
"Samolus valerandi L.",100,1600,91.3,0.3
"Lycopus europaeus L.",100,1300,91.3,8.6
"Carex elata All. subsp. elata",100,1300,91.3,9.1
"Hypericum androsaemum L.",100,1300,91.3,7.3
"Gratiola officinalis L.",100,1100,88.3,2.2
"Alisma plantago-aquatica L.",100,1200,85.7,2.2
"Ranunculus ophioglossifolius Vill.",52.7,100,52.7,52.7
"Prunella vulgaris L. subsp. vulgaris",99.8,1300,85.7,2.2
"Carex punctata Gaudin",100,800,85.7,9.1
"Robinia pseudoacacia L.",100,700,91.1,2.5
"Carex pendula Huds.",100,1800,91.5,7.3
"Myosotis scorpioides L. subsp. scorpioides",99.9,700,85.7,2.2
"Rumex sanguineus L.",99.8,2000,91.5,9.1
"Moehringia trinervia (L.) Clairv.",100,1600,91.5,7.3
"Ranunculus repens L.",100,2000,91.3,9.1
"Holcus lanatus L. subsp. lanatus",99.8,1900,85.7,2.2
"Lychnis flos-cuculi L. subsp. flos-cuculi",100,1900,85.7,2.2
"Lysimachia vulgaris L.",100,1400,91.3,9.1
"Carex riparia Curtis",100,800,91.3,9.1
"Hottonia palustris L.",99.9,500,88.9,23.2
"Juncus conglomeratus L.",99.6,400,85.7,47.3
"Asparagus acutifolius L.",100,2000,85.7,8.4
"Chamaeiris foetidissima (L.) Medik.",100,2000,91.5,9.1
"Veronica montana L.",100,800,91.5,8.6
"Pteridium aquilinum (L.) Kuhn subsp. aquilinum",100,2000,91.5,8.6
"Carpinus betulus L.",100,2000,91.5,9.1
"Scrophularia nodosa L.",99.9,900,91.5,8.6
"Circaea lutetiana L. subsp. lutetiana",100,800,91.5,9.1
"Melissa officinalis L. subsp. officinalis",93.1,400,91.5,2.2
"Brachypodium sylvaticum (Huds.) P.Beauv. subsp. sylvaticum",100,2000,91.5,8.3
"Viola reichenbachiana Jord. ex Boreau",100,2000,91.5,9.1
"Poa trivialis L.",100,2000,91.5,8.6
"Cruciata glabra (L.) C.Bauhin ex Opiz",99.9,600,91.5,8.6
"Oenanthe pimpinelloides L.",99.5,500,91.5,9.1
"Pinus pinea L.",100,2000,857.3,82.6
"Pyrus communis L.",98.9,600,85.7,8.3
"Ajuga reptans L.",100,2000,85.7,7.3
"Carex otrubae Podp.",100,1700,88.5,7.3
"Trifolium fragiferum L. subsp. fragiferum",112.4,600,419.5,22.5
"Arum italicum Mill. subsp. italicum",71,2000,17.8,1.7
"Myrtus communis L.",100,2000,90.6,7.3
"Oenanthe lachenalii C.C.Gmel.",100,1700,742.1,81
"Lysimachia nummularia L.",100,1800,912.6,22.5
"Platanthera chlorantha (Custer) Rchb.",62,1200,17.1,1.7
"Rumex hydrolapathum Huds.",81.5,500,621.1,72.8
"Lathyrus pratensis L. subsp. pratensis",10.4,200,8.3,2.2
"Aeluropus littoralis (Gouan) Parl. subsp. littoralis",100.1,900,400.5,65.7
"Alopecurus bulbosus Gouan subsp. bulbosus",91.4,600,3001.4,65.7
"Phillyrea latifolia L.",100,2000,311,23.2
"Rosa sempervirens L.",100,1500,90.2,2.2
"Althaea officinalis L.",100,1100,85.7,2.2
"Phillyrea angustifolia L.",100,2000,91.1,9.1
"Galatella pannonica (Jacq.) Galasso, Bartolucci & Ardenghi subsp. pannonica",100,900,451.4,28.9
"Melica uniflora Retz.",74,1500,9.1,6.8
"Geranium robertianum L.",18.7,300,17,0.4
"Lotus corniculatus L. subsp. corniculatus",92,500,88.9,6.7
"Ranunculus lanuginosus L.",8.3,100,8.3,8.3
"Juncus maritimus Lam.",62.1,500,857.3,72.6
"Coleostephus myconis (L.) Cass. ex Rchb.f.",91.1,400,84.7,2.2
"Trifolium tomentosum L.",83.2,100,83.2,83.2
"Vicia sativa L.",2.1,200,1.7,0.4
"Pinus pinaster Aiton",99.7,1100,85.7,7
"Populus tremula L.",99.8,500,90.8,9.1
"Prunus spinosa L. subsp. spinosa",100,2000,91.1,9.1
"Halimione portulacoides (L.) Aellen",77.2,600,629.4,65.6
"Limonium narbonense Mill.",99.1,800,857.3,65.8
"Triglochin barrelieri Loisel.",100.3,500,190.8,66.6
"Teucrium chamaedrys L. subsp. chamaedrys",100,1000,85.7,2.2
"Asplenium onopteris L.",39,600,9.1,2.7
"Betonica officinalis L.",99.7,1400,85.7,2.2
"Luzula forsteri (Sm.) DC.",100,2000,85.7,8.4
"Ranunculus velutinus Ten.",103.8,700,712.7,81
"Clematis flammula L.",100,1000,85.7,6.8
"Linum usitatissimum L. subsp. angustifolium (Huds.) Thell.",41.4,400,17.1,1.7
"Convolvulus sepium L.",97.7,1000,908.5,22.5
"Orobanche minor Sm.",151.8,200,692,91.3
"Jacobaea erratica (Bertol.) Fourr.",56.3,400,35.9,2.2
"Erigeron canadensis L.",100,1600,91.3,2.2
"Oxalis corniculata L.",100,1400,857.3,22.5
"Sambucus nigra L.",89,500,84.7,7.3
"Poa annua L.",98.9,500,91.3,2.2
"Populus nigra L. subsp. nigra",89.1,500,85.7,2.2
"Persicaria lapathifolia (L.) Delarbre subsp. lapathifolia",100,1400,91.3,2.2
"Galium debile Desv.",5447.9,400,912.6,72.5
"Ficus carica L.",100,1100,85.7,2.2
"Equisetum arvense L.",92.2,1000,85.7,2.3
"Pulicaria dysenterica (L.) Bernh.",96.6,600,84.7,2.2
"Scutellaria galericulata L.",175.4,600,912.6,72.5
"Carex divulsa Stokes",56.4,900,18.3,1.8
"Veronica serpyllifolia L.",62.9,1100,18.3,0.4
"Myosotis sylvatica Hoffm. subsp. sylvatica",100,900,91.3,91.3
"Stellaria media (L.) Vill. subsp. media",54.4,1100,17.1,0.4
"Veronica officinalis L.",71.7,1300,17.1,1.8
"Carex pallescens L.",98.4,500,85.7,9.1
"Laurus nobilis L.",99.9,800,90.2,2.2
"Carex flacca Schreb. subsp. flacca",3.6,200,1.8,1.8
"Aristolochia rotunda L. subsp. rotunda",100,2000,91.3,37
"Hypericum montanum L.",49.2,500,17.1,1.8
"Rhamnus cathartica L.",99.8,600,91.1,9.1
"Geranium purpureum Vill.",99.8,800,85.7,9.1
"Euphorbia peplis L.",83,600,54.5,7.3
"Lythrum salicaria L.",100,1800,91.3,2.2
"Lilium bulbiferum L. subsp. croceum (Chaix) Jan",99.8,500,85.7,9.1
"Carex leporina L.",56.2,400,857.3,91.3
"Cyclamen hederifolium Aiton subsp. hederifolium",98.8,600,85.7,2.2
"Polygonatum odoratum (Mill.) Druce",46,600,16.9,1.8
"Eupatorium cannabinum L. subsp. cannabinum",94.3,500,84.7,8.6
"Fragaria vesca L. subsp. vesca",99.5,400,85.7,9.1
"Pistacia lentiscus L.",100,1200,91.1,2.1
"Glechoma hederacea L.",63.4,300,58.8,2.2
"Dryopteris filix-mas (L.) Schott",21.4,400,17.1,1.7
"Juncus inflexus L. subsp. inflexus",91.7,300,85.7,9.1
"Potentilla erecta (L.) Raeusch.",165.3,200,846.7,91.3
"Poa bulbosa L. subsp. bulbosa",90.4,600,85.7,5
"Dittrichia viscosa (L.) Greuter subsp. viscosa",95,700,65.8,2.2
"Plantago coronopus L.",2.8,500,712.7,22.5
"Ranunculus sardous Crantz",383.8,500,857.3,81.2
"Oxalis dillenii Jacq.",145.6,200,621.1,91.3
"Soda inermis Fourr.",123.8,200,190.8,73.8
"Arthrocaulon macrostachyum (Moric.) Piirainen & G.Kadereit",98.1,700,502.5,65
"Artemisia caerulescens L. subsp. cretacea (Fiori) Brilli-Catt. & Gubellini",65.7,100,65.7,65.7
"Geranium molle L.",99.9,800,84.7,9.1
"Astragalus sesameus L.",91.3,100,91.3,91.3
"Spergularia media (L.) C.Presl",97.5,300,73.5,65.6
"Limbarda crithmoides (L.) Dumort. subsp. longifolia (Arcang.) Greuter",969.1,400,545,72.6
"Atriplex prostrata Boucher ex DC.",76.3,400,50.2,8.3
"Anisantha diandra (Roth) Tutin",169.1,300,857.3,45.6
"Phytolacca americana L.",199952.9,800,857.3,91.3
"Veronica persica Poir.",99.6,800,85.7,1.1
"Euphorbia cyparissias L.",94.4,400,85.7,2.2
"Clinopodium vulgare L. subsp. vulgare",89.5,400,84.7,2.2
"Monotropa hypopitys L.",53.1,600,17,7.3
"Trifolium lappaceum L.",94.5,600,73.5,2.3
"Oenothera chicaginensis de Vries ex Renner & Cleland",87.3,200,67.3,61.2
"Juncus articulatus L. subsp. articulatus",99.3,400,85.7,35.9
"Baldellia ranunculoides (L.) Parl.",100,1200,172.7,2.5
"Plantago major L.",99.9,700,91.3,2.2
"Cistus salviifolius L.",100,2000,86.1,39.1
"Emerus major Mill. subsp. major",94.2,300,62.9,58.8
"Rhynchospora alba (L.) Vahl",40.4,100,40.4,40.4
"Spartium junceum L.",99.7,600,88.9,31.5
"Juniperus communis L.",94.9,400,84.8,2.2
"Genista germanica L.",94.8,300,62.9,62
"Cistus creticus L. subsp. eriocephalus (Viv.) Greuter & Burdet",100,1400,76.2,5
"Equisetum telmateia Ehrh.",99.8,900,91.3,0.8
"Hypochaeris glabra L.",100,1200,85.7,33.5
"Sporobolus pumilus (Roth) P.M.Peterson & Saarela",90.6,100,90.6,90.6
"Paspalum vaginatum Sw.",90.6,100,90.6,90.6
"Erica scoparia L. subsp. scoparia",100,1100,88.9,38.7
"Potamogeton lucens L.",100,1900,90.9,23.2
"Erica arborea L.",100,900,84.8,2.1
"Oenothera fallacoides Soldano & Rostanski",1.3,100,1.3,1.3
"Daphne gnidium L.",100,2000,85.7,24.8
"Glyceria fluitans (L.) R.Br.",98.8,700,87.4,2.2
"Tamarix gallica L.",98.5,500,88.7,2.2
"Ceratophyllum demersum L.",100,800,90.9,2.2
"Hydrocharis morsus-ranae L.",100,700,90.9,35.9
"Lemna minor L.",100,700,90.9,2.2
"Lemna gibba L.",99.2,400,90.9,2.2
"Nymphaea alba L.",99.7,500,90.9,35.9
"Lemna trisulca L.",100.3,700,172.7,25.8
"Najas minor All.",98.2,400,90.9,2.2
"Hydrocotyle ranunculoides L.f.",93.7,200,90.9,31.5
"Schoenoplectus lacustris (L.) Palla",88.5,200,88.5,0.3
"Schoenoplectus tabernaemontani (C.C.Gmel.) Palla",96,500,77.2,0.3
"Taraxacum trilobifolium Hudziok",61.4,100,61.4,61.4
"Ulmus laevis Pall.",56.5,100,56.5,56.5
"Amorpha fruticosa L.",99.9,900,76.8,8.3
"Prunus domestica L.",90.8,100,90.8,90.8
"Ophioglossum lusitanicum L.",90.9,300,70.8,2
"Ajuga chamaepitys (L.) Schreb. subsp. chamaepitys",15.6,200,13.6,2.2
"Oenothera italica Rostanski & Soldano",81.8,300,62.6,30.3
"Atriplex tatarica L.",27,100,27,27
"Oenothera stucchii Soldano",66.9,100,66.9,66.9
"Carex pseudocyperus L.",88.3,100,88.3,88.3
"Cirsium palustre (L.) Scop.",98.7,300,88.9,0.3
"Cladium mariscus (L.) Pohl",100,700,88.5,0.3
"Euphorbia hirsuta L.",99.2,700,88.3,19.1
"Juncus acutiflorus Ehrh. ex Hoffm.",0.3,100,0.3,0.3
"Lysimachia tenella L.",99.4,800,77,0.3
"Lotus pedunculatus Cav.",36.2,300,35.9,0.3
"Cirsium creticum (Lam.) d'Urv. subsp. triumfettii (Lacaita) K.Werner",61,300,41.7,0.3
"Osmunda regalis L.",100,1900,87.2,0.3
"Linum maritimum L. subsp. maritimum",99.9,700,88.3,23.2
"Phragmites australis (Cav.) Trin. ex Steud. subsp. australis",99.4,1200,88.5,0.3
"Drosera rotundifolia L.",40,200,39.8,0.3
"Lythrum virgatum L.",88.3,100,88.3,88.3
"Utricularia vulgaris L.",99.2,800,71.8,0.3
"Typha angustifolia L.",67.2,400,62.1,0.3
"Thysselinum palustre (L.) Hoffm.",99.9,500,88.3,35.9
"Schoenus nigricans L.",100,800,88.3,38
"Stachys palustris L.",98,500,88.3,2.2
"Lonicera etrusca Santi",100,500,90.4,8.6
"Cenchrus longispinus (Hack.) Fernald",88.5,200,66.7,65.3
"Bolboschoenus maritimus (L.) Palla",99.8,1000,66.3,21.8
"Centaurea aplolepa Moretti subsp. subciliata (DC.) Arcang.",100,2000,204.2,32
"Spiranthes aestivalis (Poir.) Rich.",99.9,1100,365.1,2.6
"Verbena bonariensis L.",99,200,90,90
"Cyperus eragrostis Lam.",8.5,300,2.9,2.9
"Capparis spinosa L. subsp. rupestris (Sm.) Nyman",5.1,200,2.9,2.2
"Prunus avium L.",98.2,200,95.3,62
"Dryopteris dilatata (Hoffm.) A.Gray",1039.6,400,846.7,89.4
"Rhamnus alaternus L. subsp. alaternus",88.7,400,59.8,0.1
"Ulex europaeus L. subsp. europaeus",99.7,800,59.8,2
"Sporobolus virginicus (L.) Kunth",79.1,300,54.5,23.2
"Convolvulus soldanella L.",99.3,800,55.7,25.8
"Cyperus capitatus Vand.",54.5,100,54.5,54.5
"Salsola tragus L.",89.5,500,54.5,2.2
"Ambrosia psilostachya DC.",69.3,300,54.5,7.1
"Achillea maritima (L.) Ehrend. & Y.P.Guo subsp. maritima",81.5,300,54.5,25.8
"Calamagrostis arenaria (L.) Roth subsp. arundinacea (Husn.) Banfi, Galasso & Bartolucci",83.5,600,54.5,2.2
"Crepis suffreniana (DC.) Steud.",100,700,85.7,43.8
"Eryngium maritimum L.",97,600,55.7,23.2
"Oenothera biennis L.",96.8,1100,57.7,1.3
"Echinophora spinosa L.",89.6,400,54.5,23.2
"Oenothera sinuosa W.L.Wagner & Hoch",54.5,100,54.5,54.5
"Oenothera stricta Link subsp. stricta",78.6,500,54.5,1.3
"Euphorbia paralias L.",96.7,500,55.7,43.8
"Polygonum maritimum L.",93.2,500,54.5,23.2
"Juniperus macrocarpa Sm.",100,2000,277.5,35.1
"Tripidium ravennae (L.) H.Scholz subsp. ravennae",99.3,600,85.7,8.3
"Silene otites (L.) Wibel",54.5,100,54.5,54.5
"Phleum arenarium L. subsp. caesium H.Scholz",161.5,400,290.2,7.4
"Rostraria pubescens (Lam.) Trin.",90.6,500,69.2,5
"Festuca pyramidata Link",54.5,100,54.5,54.5
"Tribulus terrestris L.",89.2,300,69.2,23.2
"Lotus hirsutus L.",89.6,500,54.5,3.7
"Hypochaeris radicata L.",94.8,400,84.7,2.2
"Plantago arenaria Waldst. & Kit.",98.5,700,69.2,8.6
"Solidago virgaurea L. subsp. litoralis (Savi) Briq. & Cavill.",100,1900,169.3,19.9
"Ruppia maritima L.",97.7,400,69.4,23.2
"Najas major All.",93.7,500,69.4,2.2
"Callitriche obtusangula Le Gall",99.6,400,85.7,35.9
"Helosciadium nodiflorum (L.) W.D.J.Koch",98.9,600,71.8,2.2
"Myriophyllum spicatum L.",96.7,600,69.4,2.2
"Sagittaria sagittifolia L.",98.2,800,69.4,2.2
"Azolla filiculoides Lam.",100,2000,219.4,7.7
"Spirodela polyrhiza (L.) Schleid.",98.7,400,85.2,34.1
"Cenchrus incertus M.A.Curtis",61,300,54.5,7.1
"Salvinia natans (L.) All.",99.6,700,69.4,23.7
"Vallisneria spiralis L.",80.4,200,69.4,35.9
"Silene canescens Ten.",54.5,100,54.5,54.5
"Carex viridula Michx.",56.4,100,56.4,56.4
"Cyperus fuscus L.",131.6,200,172.7,56.6
"Juncus subnodulosus Schrank",56.6,100,56.6,56.6
"Digitaria debilis (Desf.) Willd.",93.1,300,77,30.6
"Phalaroides arundinacea (L.) Rauschert subsp. arundinacea",99.7,1200,88.5,2.2
"Sparganium neglectum Beeby",97.5,300,84.7,56.6
"Eleocharis multicaulis (Sm.) Desv.",88.4,200,87.4,8.6
"Bulbostylis cioniana (Pi.Savi) Lye",95.7,200,87.4,65.7
"Leersia oryzoides (L.) Sw.",95.7,200,87.4,65.8
"Quercus petraea (Matt.) Liebl. subsp. petraea",59.3,500,17.7,15
"Hibiscus moscheutos L. subsp. moscheutos",99.7,600,87.4,1.2
"Quercus pubescens Willd. subsp. pubescens",100,400,88.5,84.7
"Hypericum elodes L.",99.6,400,87.4,43.7
"Fraxinus excelsior L. subsp. excelsior",31.5,400,17.7,1.7
"Lonicera implexa Aiton subsp. implexa",92.5,300,88.5,8.6
"Lonicera japonica Thunb.",99.9,900,88.5,1.3
"Helminthotheca echioides (L.) Holub",89.7,300,88.5,2.2
"Typha latifolia L.",100,1200,88.5,2.2
"Lysimachia arvensis (L.) U.Manns & Anderb. subsp. arvensis",100,1000,88.9,8.6
"Plantago cornutii Gouan",63.1,200,41.7,36.6
"Marcus-kochia ramosissima (Desf.) Al-Shehbaz",70,200,46.6,43.8
"Corylus avellana L.",58.8,100,58.8,58.8
"Ostrya carpinifolia Scop.",58.8,100,58.8,58.8
"Calluna vulgaris (L.) Hull",100,600,84.8,25.3
"Cortaderia selloana (Schult. & Schult.f.) Asch. & Graebn.",60.7,200,58.8,4.5
"Cyperus rotundus L.",58.8,100,58.8,58.8
"Isolepis cernua (Vahl) Roem. & Schult.",73.5,200,58.8,35.6
"Luzula campestris (L.) DC. subsp. campestris",100,700,85.7,55.7
"Neottia ovata (L.) Bluff & Fingerh.",11.8,100,11.8,11.8
"Serapias neglecta De Not.",99.1,400,85.7,50.5
"Cephalanthera rubra (L.) Rich.",16.3,200,11.8,5.2
"Cephalanthera longifolia (L.) Fritsch",99.9,500,85.7,57.7
"Ervum gracile DC.",99.6,800,84.4,2.2
"Lotus maritimus L.",98.8,700,85.7,1.1
"Trifolium dubium Sibth.",178.3,200,290.2,58.8
"Trifolium patens Schreb.",100,600,119,58.8
"Dianthus balbisii Ser. subsp. balbisii",58.8,100,58.8,58.8
"Ranunculus acris L. subsp. acris",83.6,300,58.8,35.9
"Oreoselinum nigrum Delarbre",95.9,400,69.2,23.2
"Ranunculus lingua L.",93.7,200,84.7,58.8
"Polygala nicaeensis W.D.J.Koch subsp. italiana (Chodat) Arrigoni",59.7,200,58.8,2.1
"Tuberaria guttata (L.) Fourr.",462238402.6,900,857.3,437.9
"Angelica sylvestris L. subsp. sylvestris",99,400,84.7,50.2
"Callitriche stagnalis Scop.",99.7,500,84.7,2.2
"Odontites luteus (L.) Clairv. subsp. luteus",69.1,300,58.8,2.2
"Seseli tortuosum L. subsp. tortuosum",69.1,300,58.8,2.2
"Erigeron acris L. subsp. acris",94.5,500,58.8,23.2
"Galium verum L. subsp. verum",59.8,200,58.8,2.2
"Hieracium sabaudum L.",58.8,100,58.8,58.8
"Phyla nodiflora (L.) Greene",99.8,800,71.3,11.2
"Succisa pratensis Moench",84,300,58.8,25.8
"Solidago virgaurea L. subsp. virgaurea",58.8,100,58.8,58.8
"Prunella laciniata (L.) L.",58.8,100,58.8,58.8
"Sonchus maritimus L.",98.2,600,88.9,8.6
"Origanum vulgare L. subsp. vulgare",58.8,100,58.8,58.8
"Hieracium umbellatum L.",58.8,100,58.8,58.8
"Bidens frondosa L.",77.2,500,58.8,2.2
"Epipactis helleborine (L.) Crantz",11.8,100,11.8,11.8
"Juncus tenuis Willd.",58.8,100,58.8,58.8
"Oenothera oehlkersi Kappus ex Rostanski",29.6,100,29.6,29.6
"Juncus bulbosus L.",100,900,87.2,32.9
"Aristolochia clematitis L.",100,1800,85.3,2.2
"Daphne laureola L.",16,100,16,16
"Lepidium virginicum L.",29.9,400,22.2,0.5
"Nelumbo nucifera Gaertn.",69,100,69,69
"Onobrychis caput-galli (L.) Lam.",36.1,400,23.2,3.7
"Xanthium italicum Moretti",1544.2,400,712.7,71.3
"Paspalum distichum L. subsp. distichum",77.7,500,56.6,2.8
"Oenothera laciniata Hill",97,600,84.4,1.3
"Amaranthus hybridus L.",29.1,100,29.1,29.1
"Elodea canadensis Michx.",99.6,800,78.2,2.8
"Dysphania ambrosioides (L.) Mosyakin & Clemants",81.2,500,35.9,23.2
"Amaranthus retroflexus L.",64.1,300,34.1,23.2
"Amaranthus albus L.",72.9,300,50.2,23.2
"Phalaris canariensis L.",269.5,400,290.6,25.5
"Solidago canadensis L.",22.3,100,22.3,22.3
"Broussonetia papyrifera (L.) Vent.",94.3,200,85.7,60
"Dysphania multifida (L.) Mosyakin & Clemants",59.7,100,59.7,59.7
"Portulaca oleracea L.",1061.3,200,1339.6,22.5
"Paspalum dilatatum Poir.",47.2,600,22.2,1.3
"Phalaris coerulescens Desf.",101,1400,398.4,2.2
"Dactylis glomerata L. subsp. glomerata",34.4,600,17.1,0.4
"Echinochloa crus-galli (L.) P.Beauv. subsp. crus-galli",41.4,400,34.1,2.2
"Sorghum halepense (L.) Pers.",6.7,200,4.6,2.2
"Setaria italica (L.) P.Beauv. subsp. viridis (L.) Thell.",11.1,300,4.6,2.2
"Arundo donax L.",9,200,4.6,4.6
"Equisetum palustre L.",78.7,300,70.8,4.6
"Cynodon dactylon (L.) Pers.",30.6,700,8.6,1.6
"Setaria pumila (Poir.) Roem. & Schult.",285.2,400,358.7,2.2
"Anthoxanthum odoratum L.",99,900,85.7,2.2
"Polypogon maritimus Willd.",94.2,900,66,4.6
"Potamogeton natans L.",99.5,700,85.7,2.2
"Potamogeton crispus L.",89.1,500,62.1,2.2
"Butomus umbellatus L.",95.5,300,85.4,42
"Silene latifolia Poir.",99.8,500,85.7,2.2
"Nasturtium officinale R.Br.",62.1,100,62.1,62.1
"Sisymbrium officinale (L.) Scop.",62.1,100,62.1,62.1
"Alliaria petiolata (M.Bieb.) Cavara & Grande",13.5,100,13.5,13.5
"Rorippa sylvestris (L.) Besser subsp. sylvestris",58.2,200,35.9,34.8
"Diplotaxis erucoides (L.) DC. subsp. erucoides",419.5,100,419.5,419.5
"Myagrum perfoliatum L.",86.7,300,62.1,35.9
"Ranunculus trichophyllus Chaix",99.7,500,85.7,34.1
"Papaver rhoeas L. subsp. rhoeas",79.1,300,43.8,35.9
"Ranunculus sceleratus L.",62.8,200,42,35.9
"Vicia angustifolia L.",94.7,300,66,59.1
"Cynoglossum officinale L.",62.1,100,62.1,62.1
"Lathyrus hirsutus L.",99.2,500,85.7,6.5
"Capsella bursa-pastoris (L.) Medik. subsp. bursa-pastoris",94.3,300,84.7,35.9
"Ervum tetraspermum L.",94.2,400,66,34.8
"Medicago arabica (L.) Huds.",43.3,200,42,2.2
"Trifolium pratense L. subsp. pratense",94.7,400,84.7,2.2
"Smyrnium olusatrum L.",43.3,200,42,2.2
"Bunias erucago L.",42,100,42,42
"Cerastium glomeratum Thuill.",99.9,700,85.7,2.2
"Geranium dissectum L.",79.7,300,62.1,2.2
"Lathyrus annuus L.",63.8,300,62.1,2.2
"Euphorbia helioscopia L. subsp. helioscopia",63.6,300,42,2.2
"Euphorbia characias L.",71.2,200,67.4,11.7
"Borago officinalis L.",63,200,62.1,2.2
"Symphytum officinale L.",100,900,70.9,1.2
"Tordylium apulum L.",99.8,500,85.7,43.8
"Scandix pecten-veneris L. subsp. pecten-veneris",504.1,200,621.1,22.5
"Solanum nigrum L.",97.2,500,88.9,8.6
"Scrophularia auriculata L. subsp. auriculata",96.1,300,84.7,8.6
"Stachys recta L. subsp. recta",77.8,300,50.2,23.2
"Ranunculus arvensis L.",77.3,200,62.1,40.1
"Convolvulus althaeoides L.",42,100,42,42
"Galium tricornutum Dandy",43.3,200,42,2.2
"Plantago lanceolata L.",99.9,800,85.7,2.2
"Sambucus ebulus L.",22.9,400,15.1,0.4
"Verbascum sinuatum L.",99.8,800,85.7,2.2
"Sherardia arvensis L.",99.9,700,85.7,2.2
"Veronica anagallis-aquatica L. subsp. anagallis-aquatica",95.8,400,84.7,2.2
"Anthemis arvensis L. subsp. arvensis",43.3,200,42,2.2
"Bellis perennis L.",99.6,600,85.7,2.2
"Cirsium arvense (L.) Scop.",48.1,300,42,2.2
"Cirsium vulgare (Savi) Ten. s.l.",89.8,400,67.4,2.2
"Silybum marianum (L.) Gaertn.",81.5,300,67.4,2.2
"Carduus pycnocephalus L. subsp. pycnocephalus",100,900,85.7,2.2
"Dipsacus fullonum L.",97.8,500,84.7,2.2
"Lactuca sativa L. subsp. serriola (L.) Galasso, Banfi, Bartolucci & Ardenghi",43.3,200,42,2.2
"Avena fatua L. subsp. fatua",63.6,300,42,2.2
"Lolium arundinaceum (Schreb.) Darbysh subsp. arundinaceum",30.9,500,14.4,0.4
"Bromus hordeaceus L. subsp. hordeaceus",45.8,300,42,2.2
"Hordeum murinum L. subsp. leporinum (Link) Arcang.",47.9,300,42,2.2
"Schoenoplectiella mucronata (L.) J.Jung & H.K.Choi",66.6,500,38,1
"Potamogeton pusillus L.",35.9,100,35.9,35.9
"Polygonum aviculare L. subsp. aviculare",37.3,200,35.9,2.2
"Rumex conglomeratus Murray",100,700,85.7,2.2
"Saponaria officinalis L.",83.9,200,75,35.9
"Cardamine hirsuta L.",41.5,400,16.9,7.2
"Hypericum perforatum L. subsp. perforatum",100,900,85.7,2.2
"Thalictrum flavum L.",99.4,400,85.7,38
"Vicia hybrida L.",80.2,200,69.2,35.9
"Ficaria verna Huds. subsp. verna",90.2,200,84.7,35.9
"Fumaria officinalis L. subsp. officinalis",35.9,100,35.9,35.9
"Daucus carota L. subsp. carota",37.3,200,35.9,2.2
"Arabidopsis thaliana (L.) Heynh.",35.9,100,35.9,35.9
"Malva punctata (All.) Alef.",66.5,200,47.8,35.9
"Malva sylvestris L.",87.9,400,75,2.2
"Persicaria amphibia (L.) Delarbre",37.3,200,35.9,2.2
"Persicaria decipiens (R.Br.) K.L.Wilson",57.7,200,35.9,34.1
"Rumex crispus L.",96,500,84.7,2.2
"Veronica beccabunga L. subsp. beccabunga",37.3,200,35.9,2.2
"Stachys heraclea All.",7.2,100,7.2,7.2
"Lamium maculatum L.",7.6,200,7.2,0.4
"Galium palustre L. subsp. elongatum (C.Presl) Lange",91,300,84.7,8.6
"Legousia speculum-veneris (L.) Chaix",78.5,300,65.8,2.2
"Senecio vulgaris L. subsp. vulgaris",94.6,400,84.7,2.2
"Centaurea nigrescens Willd. subsp. nigrescens",76,400,50.2,2.2
"Xanthium strumarium L. subsp. strumarium",136.3,500,205.2,2.2
"Leontodon hispidus L. subsp. hispidus",35.9,100,35.9,35.9
"Taraxacum F.H.Wigg. sect. Taraxacum",35.9,100,35.9,35.9
"Sonchus arvensis L. subsp. uliginosus (M.Bieb.) Nyman",35.9,100,35.9,35.9
"Lolium perenne L.",98.8,600,85.7,2.2
"Cyperus longus L.",46.4,300,35.9,8.6
"Schoenoplectus pungens (Vahl) Palla",97.2,400,75.2,35.9
"Carex olbiensis Jord.",71.8,100,71.8,71.8
"Euphorbia palustris L.",91.3,200,71.8,69.2
"Sporobolus indicus (L.) R.Br.",85.7,200,84.4,8.3
"Aira caryophyllea L. subsp. caryophyllea",48.2,1000,17.1,0.9
"Trisetaria panicea (Lam.) Paunero",4899.9,500,3714.2,22.5
"Gaudinia fragilis (L.) P.Beauv.",98.4,600,85.7,2.2
"Festuca ligustica (All.) Bertol.",242.5,300,437.9,22.5
"Brachypodium retusum (Pers.) P.Beauv.",5.8,100,5.8,5.8
"Festuca myuros L. subsp. myuros",84.4,500,847.8,22.5
"Festuca bromoides L.",104.2,500,857.3,45.6
"Hordeum bulbosum L.",153.8,300,857.3,50.2
"Festuca danthonii Asch. & Graebn. subsp. danthonii",6.7,200,4.6,2.2
"Catapodium rigidum (L.) C.E.Hubb. subsp. rigidum",37.6,500,23.2,2.2
"Anisantha madritensis (L.) Nevski  subsp. madritensis",86.3,300,84.8,2.2
"Hordeum marinum Huds.",96.3,400,85.7,8.6
"Bolboschoenus glaucus (Lam.) S.G.Sm.",102.2,400,857.3,85.7
"Athyrium filix-femina (L.) Roth",16.4,200,8.6,8.6
"Polypodium cambricum L.",99.7,500,85.7,8.3
"Lagurus ovatus L. subsp. ovatus",99.1,900,84.8,4.5
"Polypogon monspeliensis (L.) Desf.",79.5,500,56.9,2.2
"Agrostis gigantea Roth subsp. gigantea",20.1,500,3728.7,85.7
"Nassella trichotoma (Nees) Hack.",5552,400,857.3,85.7
"Deschampsia cespitosa (L.) P.Beauv. subsp. cespitosa",15.3,200,13.8,1.7
"Lolium giganteum (L.) Darbysh.",8.6,100,8.6,8.6
"Elymus repens (L.) Gould subsp. repens",31.4,300,23.2,2.2
"Anisantha sterilis (L.) Nevski",87.2,300,85.7,2.2
"Bromus commutatus Schrad. subsp. commutatus",10.9,200,8.6,2.5
"Vincetoxicum hirundinaria Medik. subsp. hirundinaria",99.9,600,85.7,8.6
"Blackstonia perfoliata (L.) Huds. subsp. perfoliata",95.9,500,85.7,2.2
"Centaurium erythraea Rafn subsp. erythraea",99.8,900,85.7,2.2
"Centaurium pulchellum (Sw.) Druce subsp. pulchellum",24,500,13.8,1.7
"Cuscuta epithymum (L.) L. subsp. epithymum",86,200,84.7,8.6
"Scrophularia canina L.",48.6,200,43.8,8.6
"Teucrium scordium L. subsp. scordioides (Schreb.) Arcang.",324.9,500,846.7,22.5
"Scutellaria columnae All. subsp. columnae",15.3,200,13.8,1.7
"Teucrium capitatum L. subsp. capitatum",100,1000,85.7,8.6
"Lamium bifidum Cirillo subsp. bifidum",71.8,200,69.2,8.6
"Ballota nigra L. subsp. nigra",206.6,200,846.7,85.7
"Plantago bellardii All. subsp. bellardii",91.9,300,71.3,8.6
"Alkekengi officinarum Moench",7.4,500,628.1,85.7
"Verbena officinalis L.",86.3,300,84.7,2.2
"Galium aparine L.",86.3,300,84.7,2.2
"Galium murale (L.) All.",72.5,400,45.2,2.2
"Leucanthemum pallens (Perreym.) DC.",85.7,100,85.7,85.7
"Anthemis cotula L.",89.8,200,88.9,8.6
"Filago germanica (L.) Huds.",98,300,85.7,8.6
"Campanula rapunculus L.",99.1,500,84.7,2.2
"Arctium minus (Hill) Bernh.",86,200,84.7,8.6
"Lapsana communis L. subsp. communis",15.3,200,13.8,1.7
"Reichardia picroides (L.) Roth",8.6,100,8.6,8.6
"Crepis setosa Haller f.",86.3,300,84.7,2.2
"Asplenium trichomanes L. subsp. trichomanes",89,200,85.7,23
"Polystichum setiferum (Forssk.) Woyn.",32.1,300,17.1,1.7
"Agrostis canina L. subsp. canina",184.5,200,692,85.7
"Alopecurus myosuroides Huds. subsp. myosuroides",38.7,400,25.8,2.2
"Aira cupaniana Guss.",85.7,100,85.7,85.7
"Cynosurus echinatus L.",10.6,200,8.6,2.2
"Briza minor L.",10.3,200,8.3,2.2
"Briza maxima L.",2.6,300,1.7,0.4
"Poa angustifolia L.",87,200,85.7,8.6
"Festuca fasciculata Forssk.",84.9,400,69.2,8.2
"Brachypodium distachyon (L.) P.Beauv.",10.6,200,8.6,2.2
"Equisetum hyemale L.",60.9,100,60.9,60.9
"Pancratium maritimum L.",96.4,600,57.7,25.9
"Juncus littoralis C.A.Mey.",99.9,600,85.7,45.2
"Ophrys classica Devillers-Tersch. & Devillers",99.7,500,85.7,2.2
"Anacamptis papilionacea (L.) R.M.Bateman, Pridgeon & M.W.Chase",43.8,100,43.8,43.8
"Anacamptis coriophora (L.) R.M.Bateman, Pridgeon & M.W.Chase",99.1,500,84.8,25.8
"Parietaria judaica L.",8.8,100,8.8,8.8
"Polycarpon tetraphyllum (L.) L. subsp. tetraphyllum",99,400,84.8,2.2
"Sabulina mediterranea (Ledeb. ex Link) Rchb.",43.8,100,43.8,43.8
"Sagina apetala Ard. subsp. apetala",99.9,500,85.7,43.8
"Arenaria serpyllifolia L. subsp. serpyllifolia",99.6,600,85.7,25.8
"Cerastium semidecandrum L.",54.8,600,17,8.8
"Cerastium ligusticum Viv.",100,700,85.7,2.2
"Sinapis arvensis L. subsp. arvensis",91.2,300,71.3,43.8
"Urtica membranacea Poir. ex Savigny",97.7,700,84.7,2.2
"Humulus lupulus L.",99.2,500,85.7,2.2
"Ranunculus parviflorus L.",7474.1,300,577.1,437.9
"Ribes rubrum L.",70.9,200,47.3,44.7
"Pittosporum tobira (Thunb.) W.T.Aiton",69.2,200,45.2,43.8
"Ranunculus bulbosus L.",95.3,300,84.7,43.8
"Sedum sexangulare L.",93.6,300,84.8,2.2
"Pyracantha coccinea M.Roem.",83.3,400,57.7,2.2
"Colchicum neapolitanum (Ten.) Ten. subsp. neapolitanum",99.9,500,85.7,44.5
"Rumex acetosella L. subsp. acetosella",99.9,500,85.7,2.2
"Saxifraga tridactylites L.",98.1,500,85.7,2.2
"Medicago minima (L.) L.",98,400,85.7,2.2
"Trifolium squamosum L.",99.6,600,85.7,2.2
"Trifolium cherleri L.",99.4,400,84.4,57.2
"Trifolium nigrescens Viv. subsp. nigrescens",99.9,800,85.7,2.2
"Trifolium campestre Schreb.",99.9,800,85.7,2.2
"Sulla coronaria (L.) Medik.",88.5,200,75.7,52.6
"Vicia pseudocracca Bertol.",100,1300,85.7,23.2
"Medicago littoralis Rohde ex Loisel.",713.4,500,452.3,37
"Ervilia hirsuta (L.) Opiz",99.1,500,84.4,25.8
"Linum radiola L.",31778.3,300,857.3,660.2
"Euphorbia peplus L.",98.2,500,85.7,2.2
"Nymphoides peltata (S.G.Gmel.) Kuntze",98.8,300,88.9,23.2
"Cerinthe major L. subsp. major",99.2,600,85.7,2.2
"Anchusa azurea Mill.",45.1,200,43.8,2.2
"Cuscuta cesattiana Bertol.",69.2,200,45.2,43.8
"Verbascum thapsus L. subsp. thapsus",99.9,500,85.7,43.8
"Veronica arvensis L.",100,900,85.7,2.2
"Salvia rosmarinus Spenn.",43.8,100,43.8,43.8
"Myosotis arvensis (L.) Hill subsp. arvensis",100,500,98.9,43.8
"Ecballium elaterium (L.) A.Rich.",55.5,300,43.8,2.2
"Senecio lividus L.",69.2,200,45.2,43.8
"Cladanthus mixtus (L.) Chevall.",90.8,400,69.2,23.2
"Helichrysum stoechas (L.) Moench subsp. stoechas",87.8,400,57.7,23.2
"Hedypnois rhagadioloides (L.) F.W.Schmidt",76.9,400,45.2,2.2
"Sonchus asper (L.) Hill subsp. asper",100,900,85.7,43.8
"Taraxacum obovatum (Willd.) DC.",83.9,200,71.3,43.8
"Crepis leontodontoides All.",39.1,400,17,0.2
"Crepis sancta (L.) Bornm. subsp. nemausensis (P.Fourn.) Babc.",99.8,500,85.7,43.8
"Herniaria glabra L. subsp. glabra",98.6,400,84.4,48.7
"Carex divisa Huds.",100,700,85.7,45.2
"Carex flacca Schreb. subsp. serrulata (Biv.) Greuter",99.4,400,85.7,47.3
"Acorus calamus L.",85.7,100,85.7,85.7
"Juncus bufonius L.",99.5,300,85.7,75
"Loncomelos pyrenaicus (L.) Hrouda subsp. pyrenaicus",98.8,300,84.7,69.2
"Muscari comosum (L.) Mill.",99.9,600,85.7,2.2
"Asparagus tenuifolius Lam.",99.8,600,84.7,19.1
"Allium vineale L.",89.3,300,85.7,2.2
"Anacamptis laxiflora (Lam.) R.M.Bateman, Pridgeon & M.W.Chase",99.9,600,85.7,2.2
"Epipactis microphylla (Ehrh.) Sw.",59.4,200,45.2,25.8
"Platanus orientalis L.",98.7,300,85.7,62.6
"Silene gallica L.",98,200,85.7,85.7
"Cistus monspeliensis L.",76.8,200,57.7,45.2
"Cardamine amporitana Sennen & Pau",98.8,300,84.7,69.2
"Glaucium flavum Crantz",45.2,100,45.2,45.2
"Sedum cepaea L.",75.5,200,75,2.2
"Crassula tillaea Lest.-Garl.",963391.8,500,770.2,657.6
"Rubus caesius L.",75.5,200,75,2.2
"Rubus praecox Bertol.",96.4,200,85.7,75
"Ononis reclinata L.",100.7,700,106.9,5.8
"Agrimonia eupatoria L. subsp. eupatoria",96.2,300,84.7,2.2
"Fumaria muralis W.D.J.Koch subsp. muralis",45.2,100,45.2,45.2
"Neotinea maculata (Desf.) Stearn",95.8,400,71.3,36.2
"Trifolium angustifolium L. subsp. angustifolium",81.2,300,75,2.2
"Trifolium resupinatum L.",99.7,500,85.7,25.8
"Lotus tenuis Waldst. & Kit. ex Willd.",99.7,300,85.7,84.7
"Lathyrus sphaericus Retz.",97.6,300,85.7,45.2
"Torilis arvensis (Huds.) Link subsp. arvensis",75.5,200,75,2.2
"Oxalis stricta L.",75.5,200,75,2.2
"Lysimachia linum-stellatum L.",7787.5,300,577.1,452.3
"Cynoglossum creticum Mill.",79.9,400,57.7,2.2
"Myosotis discolor Pers. subsp. discolor",100.3,600,334.1,45.2
"Antirrhinum majus L. subsp. majus",46.5,200,45.2,2.2
"Carlina corymbosa L.",98.9,500,85.7,2.2
"Scolymus hispanicus L. subsp. hispanicus",58.9,300,45.2,2.2
"Sonchus asper (L.) Hill s.l.",45.2,100,45.2,45.2
"Urospermum picroides (L.) Scop. ex F.W.Schmidt",45.2,100,45.2,45.2
"Sonchus bulbosus (L.) N.Kilian & Greuter subsp. bulbosus",154.1,400,452.3,32.2
"Carex hirta L.",31.4,200,17.1,17.1
"Juncus tenageia L.f. subsp. tenageia",99,300,85.7,55.7
"Bellevalia romana (L.) Sweet",93.8,300,85.7,2.2
"Asparagus officinalis L. subsp. officinalis",85.7,100,85.7,85.7
"Muscari neglectum Guss. ex Ten.",55.7,100,55.7,55.7
"Romulea columnae Sebast. & Mauri",91.2,200,71.3,69.2
"Iris germanica L.",55.7,100,55.7,55.7
"Colchicum lusitanum Brot.",99.9,600,85.7,44.8
"Dioscorea communis (L.) Caddick & Wilkin",84.7,100,84.7,84.7
"Anacamptis morio (L.) R.M.Bateman, Pridgeon & M.W.Chase",98.3,400,85.7,2.2
"Salix caprea L.",99.9,600,90.5,2.2
"Ulmus glabra Huds.",21.4,200,11.5,11.1
"Osyris alba L.",95.3,200,84.7,69.2
"Cytinus hypocistis (L.) L.",93.2,200,84.7,55.7
"Persicaria maculosa (L.) Gray",96.8,400,84.7,2.2
"Avena barbata Pott ex Link",86.1,200,85.7,2.2
"Molinia caerulea (L.) Moench",95.8,300,85.7,2.2
"Montia arvensis Wallr.",95.3,200,84.7,69.2
"Hypericum tetrapterum Fr.",84.7,100,84.7,84.7
"Bromus racemosus L. subsp. racemosus",86.1,200,85.7,2.2
"Hypericum humifusum L.",99.4,400,84.7,57.7
"Hypericum perforatum L. subsp. veronense (Schrank) Ces.",84.7,100,84.7,84.7
"Helianthemum nummularium (L.) Mill. subsp. obscurum (Celak.) Holub",71.3,100,71.3,71.3
"Turritis glabra L.",84.7,100,84.7,84.7
"Viola arvensis Murray subsp. arvensis",17.1,100,17.1,17.1
"Cerastium brachypetalum Desp. ex Pers. subsp. brachypetalum",85.7,100,85.7,85.7
"Draba verna L. subsp. praecox (Steven) Rouy & Foucaud",71.3,100,71.3,71.3
"Geum urbanum L.",100,600,85.7,65.8
"Rubus sulcatus Vest",95.4,200,84.7,69.7
"Aphanes australis Rydb.",99.6,400,85.7,55.7
"Rosa agrestis Savi",56.7,200,55.7,2.2
"Lupinus angustifolius L.",99.3,500,85.7,7.7
"Umbilicus rupestris (Salisb.) Dandy",679,200,846.7,22.5
"Poterium sanguisorba L. subsp. sanguisorba",85.7,100,85.7,85.7
"Trifolium pallidum Waldst. & Kit.",89.7,300,85.7,2.2
"Lathyrus aphaca L. subsp. aphaca",85,200,84.7,2.2
"Vicia cordata Wulfen ex Hoppe",97.8,200,85.7,84.7
"Vicia lathyroides L.",81.9,200,59.1,55.7
"Peplis portula L.",103,400,172.7,34.1
"Lythrum hyssopifolia L.",99.3,300,85.7,66
"Pastinaca sativa L. subsp. sativa",85,200,84.7,2.2
"Oenanthe aquatica (L.) Poir.",89.4,200,84.7,30.6
"Aesculus hippocastanum L.",85.7,100,85.7,85.7
"Geranium rotundifolium L.",86.1,200,85.7,2.2
"Ailanthus altissima (Mill.) Swingle",85.7,100,85.7,85.7
"Epilobium tetragonum L. subsp. tetragonum",95.3,200,84.7,69.2
"Erodium botrys (Cav.) Bertol.",98.6,300,85.7,69.2
"Ludwigia palustris (L.) Elliott",92,400,84.7,2.2
"Olea europaea L. subsp. europaea",94,200,85.7,57.7
"Myosotis gussonei Jan",135.9,200,334.1,84.7
"Arbutus unedo L.",96.6,300,84.8,47.4
"Verbascum blattaria L.",93.2,400,84.7,2.2
"Kickxia commutata (Bernh. ex Rchb.) Fritsch subsp. commutata",108.5,400,179.4,2.2
"Euphorbia esula L. subsp. esula",98.4,200,88.9,85.7
"Veronica scutellata L.",98.9,400,84.7,30.6
"Parentucellia latifolia (L.) Caruel",96.7,300,85.7,25.8
"Orobanche hederae Duby",85.4,300,84.7,2.5
"Teucrium scorodonia L.",84.7,100,84.7,84.7
"Galium lucidum All. subsp. lucidum",32.3,300,17.1,5.2
"Salvia verbenaca L.",86.1,200,85.7,2.2
"Asperula cynanchica L. subsp. cynanchica",90.1,300,85.7,9.7
"Valerianella locusta (L.) Laterr.",71.3,100,71.3,71.3
"Filago pyramidata L.",94,200,85.7,57.7
"Helichrysum italicum (Roth) G.Don subsp. italicum",99.3,300,84.8,69.2
"Pentanema squarrosum (L.) D.Gut.Larr., SantosVicente, Anderb., E.Rico & M.M.Mart.Ort.",99.1,400,85.7,2.2
"Cota tinctoria (L.) J.Gay subsp. tinctoria",85,200,84.7,2.2
"Valerianella eriocarpa Desv.",86.1,200,85.7,2.2
"Leontodon saxatilis Lam. subsp. saxatilis",88.5,300,84.7,2.2
"Tragopogon eriospermus Ten.",92.6,200,85.7,47.8
"Crepis vesicaria L.",98.3,400,85.7,2.2
"Hieracium bifidum Kit. ex Hornem.",57.7,100,57.7,57.7
"Fimbristylis squarrosa Vahl",84.7,100,84.7,84.7
"Carex caryophyllea Latourr.",92.2,200,84.7,49.4
"Carex liparocarpos Gaudin subsp. liparocarpos",49.4,100,49.4,49.4
"Parapholis incurva (L.) C.E.Hubb. subsp. incurva",128.7,400,328.9,25.8
"Parapholis filiformis (Roth) C.E.Hubb.",70.3,300,65.8,4.6
"Cyperus flavescens L.",71.9,100,71.9,71.9
"Agrostis stolonifera L. subsp. maritima (Lam.) Vasc.",96.6,300,85.5,23.2
"Setaria verticillata (L.) P.Beauv.",85.9,200,85.5,2.2
"Trifolium arvense L. subsp. arvense",77.1,300,57.5,2.2
"Potamogeton nodosus Poir.",79.2,500,76.9,2.5
"Adiantum capillus-veneris L.",4.5,100,4.5,4.5
"Selaginella denticulata (L.) Spring",81.1,100,81.1,81.1
"Asplenium scolopendrium L. subsp. scolopendrium",1.5,100,1.5,1.5
"Equisetum ramosissimum Desf. subsp. ramosissimum",3330.1,400,807.8,23
"Sempervivum tectorum L.",2.7,100,2.7,2.7
"Artemisia verlotiorum Lamotte",97.2,900,61.1,2.6
"Cycloloma atriplicifolium (Spreng.) J.M.Coult.",56.2,100,56.2,56.2
"Polygala flavescens DC. subsp. flavescens",60.4,200,37,37
"Tetragonia tetragonoides (Pallas) Kuntze",53,200,36.4,26.1
"Symphytum tanaicense Steven",100,2000,78.8,54.3
"Phalaris paradoxa L.",96.4,1000,72.3,2.1
"Adonis annua L.",100,1700,62.5,1.2
"Sporobolus schoenoides (L.) P.M.Peterson",99.5,1100,69.2,2.1
"Phalaris aquatica L.",2.5,100,2.5,2.5
"Phalaris brachystachys Link",98.1,1000,70.3,2.2
"Utricularia australis R.Br.",96.5,500,74.6,23
"Euphorbia nutans Lag.",78.2,100,78.2,78.2
"Gleditsia triacanthos L.",83.5,200,78.2,24.3
"Abutilon theophrasti Medik.",53.2,100,53.2,53.2
"Trigonella sulcata (Desf.) Coulot & Rabaute",131.6,300,195.1,1.2
"Vicia narbonensis L. subsp. narbonensis",77,100,77,77
"Trifolium suffocatum L.",77,100,77,77
"Verbascum phoeniceum L.",77,100,77,77
"Oenanthe peucedanifolia Pollich",84.1,200,66,53.2
"Lactuca saligna L.",12.8,200,10.8,2.2
"Lythrum tribracteatum Spreng.",89.2,200,88.9,2.5
"Valerianella puberula (Bertol. ex Guss.) DC.",25.8,100,25.8,25.8
"Valeriana officinalis L. subsp. officinalis",77,100,77,77
"Potentilla inclinata Vill.",75.7,200,69.2,21.2
"Visnaga daucoides Gaertn.",54.3,200,53.2,2.2
"Asperula laevigata L.",19.8,100,19.8,19.8
"Myriophyllum verticillatum L.",94.3,300,88.9,25.8
"Trisetaria aurea (Ten.) Pignatti",75.7,100,75.7,75.7
"Mentha longifolia (L.) L.",1,100,1,1
"Alyssum simplex Rudolphi",2.5,100,2.5,2.5
"Stachys arvensis (L.) L.",25.8,100,25.8,25.8
"Sedum rubens L.",74.1,200,73.5,2.5
"Trigonella altissima (Thuill.) Coulot & Rabaute",10.1,200,9.7,0.4
"Glebionis segetum (L.) Fourr.",12.8,200,10.8,2.2
"Rumex bucephalophorus L. subsp. gallicus (Steinh.) Rech.f.",212.3,100,212.3,212.3
"Amaranthus cruentus L.",25,100,25,25
"Euphorbia maculata L.",43,300,40.1,2.5
"Euphorbia prostrata Aiton",2.5,100,2.5,2.5
"Euphorbia humifusa Willd. ex Schltr.",2.5,100,2.5,2.5
"Potamogeton coloratus Hornem.",91.1,200,77,61.4
"Celtis australis L. subsp. australis",18.8,200,16.7,2.5
"Ranunculus peltatus Schrank",94,200,77,73.9
"Ranunculus saniculifolius Viv.",73.9,100,73.9,73.9
"Thinopyrum obtusiflorum (DC.) Banfi subsp. obtusiflorum",21.2,100,21.2,21.2
"Isoetes durieui Bory",69.9,200,67.5,7.5
"Sabulina tenuifolia (L.) Rchb. subsp. tenuifolia",27.5,200,25.8,2.2
"Serapias lingua L.",25.8,100,25.8,25.8
"Spergula arvensis L.",92.2,300,69.2,25.8
"Neslia paniculata (L.) Desv. subsp. paniculata",65.7,300,47.7,11.7
"Valerianella coronata (L.) DC.",2.5,100,2.5,2.5
"Erodium alnifolium Guss.",1.1,200,1.1,0
"Medicago monspeliaca (L.) Trautv.",2.5,100,2.5,2.5
"Echinochloa oryzoides (Ard.) Fritsch",2.5,100,2.5,2.5
"Symphytum tuberosum L. subsp. angustifolium (A.Kern.) Nyman",0.5,100,0.5,0.5
"Trifolium hybridum L. subsp. elegans (Savi) Asch. & Graebn.",2.5,100,2.5,2.5
"Poa pratensis L. subsp. pratensis",38.7,300,21.2,2.2
"Malva multiflora (Cav.) Soldano, Banfi & Galasso",32.4,200,30.6,2.5
"Galinsoga parviflora Cav.",1.4,100,1.4,1.4
"Genista monspessulana (L.) L.Johnson",31,200,25.8,6.9
"Trifolium diffusum Ehrh.",2.5,100,2.5,2.5
"Medicago truncatula Gaertn.",25.8,100,25.8,25.8
"Mentha suaveolens Ehrh. subsp. suaveolens",27.5,200,25.8,2.2
"Trifolium michelianum Savi",99.5,600,77,6.9
"Valerianella rimosa Bastard",95.2,200,88.9,56.8
"Helosciadium inundatum (L.) W.D.J.Koch",73.5,100,73.5,73.5
"Digitaria ischaemum (Schreb. ex Schweigg.) Schreb. ex Muhl. subsp. ischaemum",47.9,100,47.9,47.9
"Stachys maritima Gouan",38.7,100,38.7,38.7
"Clinopodium nepeta (L.) Kuntze subsp. spruneri (Boiss.) Bartolucci & F.Conti",93.1,300,77,11.7
"Scutellaria hastifolia L.",91.8,200,73.5,69.2
"Humulus japonicus Siebold & Zucc.",40.6,100,40.6,40.6
"Theligonum cynocrambe L.",113.2,200,117,22.5
"Exaculum pusillum (Lam.) Caruel",73.5,100,73.5,73.5
"Oenanthe globulosa L.",99.1,500,77,19.1
"Serapias parviflora Parl.",50.5,100,50.5,50.5
"Persicaria mitis (Schrank) Assenov",47.9,100,47.9,47.9
"Elatine alsinastrum L.",73.5,100,73.5,73.5
"Potentilla argentea L.",97.1,300,73.5,64.5
"Medicago turbinata (L.) All.",86.8,400,73.5,2.2
"Trigonella wojciechowskii Coulot & Rabaute",96.4,400,69.2,23.2
"Callitriche truncata Guss. s.l.",73.5,100,73.5,73.5
"Hibiscus pentacarpos L.",11.9,100,11.9,11.9
"Micromeria juliana (L.) Benth. ex Rchb.",20.2,200,11.7,9.7
"Vicia pannonica Crantz subsp. striata (M.Bieb.) Nyman",2.8,100,2.8,2.8
"Sparganium erectum L.",79.1,400,57.8,2.2
"Bidens tripartita L. subsp. tripartita",51.4,200,50.2,2.2
"Apium graveolens L.",93.1,500,77,1.2
"Imperata cylindrica (L.) Raeusch.",74.5,300,44.6,23.2
"Pulicaria sicula (L.) Moris",96.2,400,69.2,47.8
"Salicornia fruticosa L.",57.7,200,50.2,14.9
"Amaranthus graecizans L. subsp. sylvestris (Vill.) Brenan",770.2,100,770.2,770.2
"Rumex patientia L. subsp. patientia",34.1,100,34.1,34.1
"Oxybasis rubra (L.) S.Fuentes, Uotila & Borsch",114.6,300,379.6,53.1
"Stellaria aquatica (L.) Scop.",76.8,300,57.8,2.2
"Salix cinerea L.",99.1,600,70.9,2.2
"Triglochin palustris L.",57.8,100,57.8,57.8
"Spergula pentandra L.",43.9,100,43.9,43.9
"Pinus halepensis Mill. subsp. halepensis",44.6,100,44.6,44.6
"Spiranthes spiralis (L.) Chevall.",74.2,300,53,2.2
"Anogramma leptophylla (L.) Link",20.3,100,20.3,20.3
"Acanthus mollis L. subsp. mollis",34.1,100,34.1,34.1
"Micromeria graeca (L.) Benth. ex Rchb. subsp. graeca",51.4,200,50.2,2.2
"Crepis bellidifolia Loisel.",53,100,53,53
"Stachys germanica L. subsp. salviifolia (Ten.) Gams",94.8,300,74,31.8
"Tulipa agenensis DC.",12.5,100,12.5,12.5
"Tulipa sylvestris L.",35,100,35,35
"Romulea rollii Parl.",74.7,100,74.7,74.7
"Trigonella alba (Medik.) Coulot & Rabaute",64.8,300,53,2.2
"Odontites vernus (Bellardi) Dumort. subsp. serotinus (Dumort.) Corb.",59.6,200,58.7,2.2
"Erigeron bonariensis L.",3.4,200,2.2,1.2
"Veronica peregrina L.",19.8,100,19.8,19.8
"Centaurea calcitrapa L.",99.9,300,98.9,2.2
"Primula vulgaris Huds. subsp. vulgaris",2.3,100,2.3,2.3
"Cytisus laniger DC.",2.3,100,2.3,2.3
"Isoetes histrix Bory",100,1600,72.8,7
"Atriplex halimus L.",34.6,100,34.6,34.6
"Fimbristylis dichotoma (L.) Vahl",24.9,100,24.9,24.9
"Cirsium monspessulanum (L.) Hill",2.2,100,2.2,2.2
"Daucus broteroi Ten.",2.2,100,2.2,2.2
"Schenkia spicata (L.) G.Mans.",33.6,300,30.6,2.2
"Glebionis coronaria (L.) Spach",2.2,100,2.2,2.2
"Ophrys tetraloniae W.P.Teschner",32.7,100,32.7,32.7
"Isolepis setacea (L.) R.Br.",52.2,200,50.5,3.5
"Malva nicaeensis All.",20.2,100,20.2,20.2
"Lathyrus clymenum L.",178.9,200,201.7,22.5
"Utricularia minor L.",72.5,100,72.5,72.5
"Medicago intertexta (L.) Mill.",105.8,300,106,2.2
"Pistacia terebinthus L. subsp. terebinthus",44.2,300,30.5,2.3
"Asplenium ceterach L. subsp. ceterach",2.3,100,2.3,2.3
"Trifolium vesiculosum Savi",1489.8,500,692,23
"Asplenium ruta-muraria L. subsp. ruta-muraria",23,100,23,23
"Ophioglossum vulgatum L. subsp. vulgatum",70.8,100,70.8,70.8
"Laburnum anagyroides Medik. subsp. anagyroides",2,100,2,2
"Isoetes gymnocarpa (Gennari) A.Braun",96.2,300,66.6,66.5
"Juniperus turbinata Guss.",68.1,300,31.7,31.7
"Tragus racemosus (L.) All.",74.6,300,64.5,7
"Solanum villosum Mill.",2.3,100,2.3,2.3
"Oxybasis chenopodioides (L.) S.Fuentes, Uotila & Borsch",58.3,300,56.4,2.3
"Vicia lutea L.",4.4,200,2.3,2.2
"Urtica urens L.",61,300,59.2,2.2
"Trifolium echinatum M.Bieb.",5.4,300,2.2,1.1
"Trifolium scabrum L. subsp. scabrum",26,200,23.2,3.7
"Medicago marina L.",29.1,300,23.2,2.6
"Galega officinalis L.",24.9,200,23.2,2.2
"Echium plantagineum L.",32.2,200,30.6,2.2
"Bupleurum subovatum Link ex Spreng.",2.2,100,2.2,2.2
"Tragopogon porrifolius L.",24.9,200,23.2,2.2
"Lamium purpureum L.",2.2,100,2.2,2.2
"Crepis foetida L. subsp. foetida",24.9,200,23.2,2.2
"Galactites tomentosus Moench",13.2,200,11.2,2.2
"Valerianella dentata (L.) Pollich",3.3,200,2.2,1.1
"Ononis spinosa L. subsp. spinosa",24.9,200,23.2,2.2
"Sonchus oleraceus L.",2.2,100,2.2,2.2
"Sonchus tenerrimus L.",39.9,200,22.5,22.5
"Petrosedum rupestre (L.) P.V.Heath",2.2,100,2.2,2.2
"Valerianella echinata (L.) DC.",2.2,100,2.2,2.2
"Picris hieracioides L. subsp. hieracioides",24.9,200,23.2,2.2
"Picnomon acarna (L.) Cass.",2.2,100,2.2,2.2
"Cynara cardunculus L. subsp. cardunculus",2.2,100,2.2,2.2
"Carduus nutans L. subsp. nutans",2.2,100,2.2,2.2
"Cirsium italicum DC.",94.2,200,88.9,47.8
"Orlaya platycarpos W.D.J.Koch",2.2,100,2.2,2.2
"Centranthus ruber (L.) DC. subsp. ruber",2.2,100,2.2,2.2
"Gladiolus italicus Mill.",2.2,100,2.2,2.2
"Torilis nodosa (L.) Gaertn. subsp. nodosa",2.2,100,2.2,2.2
"Rosa corymbifera Borkh.",69.2,100,69.2,69.2
"Rosa canina L.",2.2,100,2.2,2.2
"Conium maculatum L. subsp. maculatum",2.2,100,2.2,2.2
"Ammi majus L.",2.2,100,2.2,2.2
"Bifora testiculata (L.) Spreng.",2.2,100,2.2,2.2
"Leontodon rosanoi (Ten.) DC.",2.2,100,2.2,2.2
"Aegopodium podagraria L.",2.2,100,2.2,2.2
"Callitriche brutia Petagna",2.2,100,2.2,2.2
"Digitaria sanguinalis (L.) Scop.",2.2,100,2.2,2.2
"Bothriochloa ischaemum (L.) Keng",24.9,200,23.2,2.2
"Beckmannia eruciformis (L.) Host subsp. eruciformis",94.3,300,69.2,45.1
"Veronica polita Fr.",2.2,100,2.2,2.2
"Alopecurus rendlei Eig",24.9,200,23.2,2.2
"Agrostis capillaris L. subsp. capillaris",2.2,100,2.2,2.2
"Danthonia decumbens (L.) DC. subsp. decumbens",76.3,200,69.2,23.2
"Sesleria argentea (Savi) Savi",9.7,100,9.7,9.7
"Rostraria cristata (L.) Tzvelev",24.9,200,23.2,2.2
"Tamarix africana Poir.",69.2,100,69.2,69.2
"Tolpis virgata (Desf.) Bertol. subsp. virgata",19.1,100,19.1,19.1
"Hyoseris radiata L.",23.2,100,23.2,23.2
"Cichorium intybus L.",2.2,100,2.2,2.2
"Epilobium parviflorum Schreb.",24.9,200,23.2,2.2
"Cota altissima (L.) J.Gay",2.2,100,2.2,2.2
"Achillea millefolium L. subsp. millefolium",2.2,100,2.2,2.2
"Petasites hybridus (L.) G.Gaertn., B.Mey. & Scherb. subsp. hybridus",2.2,100,2.2,2.2
"Poa compressa L.",2.2,100,2.2,2.2
"Matricaria chamomilla L.",2.2,100,2.2,2.2
"Puccinellia distans (Jacq.) Parl. subsp. distans",55.6,200,45.1,19.1
"Artemisia caerulescens L. subsp. caerulescens",55.6,200,45.1,19.1
"Misopates orontium (L.) Raf.",2.2,100,2.2,2.2
"Scrophularia umbrosa Dumort. subsp. umbrosa",2.2,100,2.2,2.2
"Vicia dasycarpa Ten.",28.7,300,13.8,4.6
"Oenanthe fistulosa L.",89.5,200,69.2,66
"Sclerochloa dura (L.) P.Beauv.",96.8,300,69.2,66
"Foeniculum vulgare Mill. subsp. vulgare",2.2,100,2.2,2.2
"Hainardia cylindrica (Willd.) Greuter",91.5,200,88.9,23.2
"Crithmum maritimum L.",190.8,100,190.8,190.8
"Lolium multiflorum Lam.",4.4,200,2.2,2.2
"Tordylium maximum L.",2.2,100,2.2,2.2
"Pulicaria vulgaris Gaertn.",24.9,200,23.2,2.2
"Lamium amplexicaule L.",2.2,100,2.2,2.2
"Lamium album L. subsp. album",2.2,100,2.2,2.2
"Jacobaea erucifolia (L.) P.Gaertn., B.Mey & Scherb. subsp. erucifolia",2.2,100,2.2,2.2
"Veronica hederifolia L.",0.4,100,0.4,0.4
"Tussilago farfara L.",2.2,100,2.2,2.2
"Inula helenium L. subsp. helenium",69.2,100,69.2,69.2
"Veronica cymbalaria Bodard subsp. cymbalaria",2.2,100,2.2,2.2
"Artemisia vulgaris L.",0.4,100,0.4,0.4
"Bellis sylvestris Cirillo",9.7,100,9.7,9.7
"Galeopsis ladanum L.",23.2,100,23.2,23.2
"Jasione montana L.",17.2,200,13.2,4.6
"Lolium temulentum L.",2.2,100,2.2,2.2
"Phleum paniculatum Huds. subsp. paniculatum",19.2,200,17.4,2.2
"Pimpinella peregrina L.",2.2,100,2.2,2.2
"Scolymus maculatus L.",47.8,100,47.8,47.8
"Ziziphora capitata L. subsp. capitata",2.2,100,2.2,2.2
"Narcissus tazetta L. subsp. tazetta",2.2,100,2.2,2.2
"Erysimum cheiri (L.) Crantz",2.2,100,2.2,2.2
"Allium nigrum L.",2.2,100,2.2,2.2
"Ornithogalum divergens Boreau",2.2,100,2.2,2.2
"Glyceria maxima (Hartm.) Holmb. subsp. maxima",2.2,100,2.2,2.2
"Allium neapolitanum Cirillo",2.2,100,2.2,2.2
"Allium polyanthum Schult. & Schult.f.",2.2,100,2.2,2.2
"Asphodelus fistulosus L.",2.2,100,2.2,2.2
"Allium savii Parl.",57.7,200,47.7,19.1
"Parietaria officinalis L.",2.2,100,2.2,2.2
"Allium pallens L.",69.9,200,69.2,2.2
"Muscari botryoides (L.) Mill. subsp. botryoides",2.2,100,2.2,2.2
"Colchicum autumnale L. subsp. autumnale",2.2,100,2.2,2.2
"Cicendia filiformis (L.) Delarbre",4477.1,300,692,232
"Centaurium maritimum (L.) Fritsch",71.4,200,62.8,23.2
"Dysphania botrys (L.) Mosyakin & Clemants",2.2,100,2.2,2.2
"Beta vulgaris L. subsp. vulgaris",2.2,100,2.2,2.2
"Lipandra polysperma (L.) S.Fuentes, Uotila & Borsch",47.9,300,30.6,2.2
"Chenopodium vulvaria L.",2.2,100,2.2,2.2
"Atriplex patula L.",0.4,100,0.4,0.4
"Chenopodium album L. subsp. album",2.2,100,2.2,2.2
"Rumex pulcher L. subsp. pulcher",2.2,100,2.2,2.2
"Chenopodium opulifolium Schrad. ex W.D.J.Koch & Ziz",2.2,100,2.2,2.2
"Chenopodiastrum hybridum (L.) S.Fuentes, Uotila & Borsch",2.2,100,2.2,2.2
"Oxybasis urbica (L.) S.Fuentes, Uotila & Borsch",106.8,200,106.9,2.2
"Persicaria hydropiper (L.) Delarbre",2.2,100,2.2,2.2
"Thymelaea passerina (L.) Coss. & Germ.",2.2,100,2.2,2.2
"Euphorbia chamaesyce L.",2.2,100,2.2,2.2
"Euphorbia lathyris L.",2.2,100,2.2,2.2
"Convolvulus cantabrica L.",9.7,100,9.7,9.7
"Convolvulus arvensis L.",2.2,100,2.2,2.2
"Aphanes arvensis L.",2.2,100,2.2,2.2
"Euphorbia falcata L. subsp. falcata",2.2,100,2.2,2.2
"Heliotropium europaeum L.",2.2,100,2.2,2.2
"Zannichellia palustris L.",2.2,100,2.2,2.2
"Anisantha rigida (Roth) Hyl.",24.9,200,23.2,2.2
"Euphorbia exigua L. subsp. exigua",2.2,100,2.2,2.2
"Phagnalon sordidum (L.) Rchb.",2.2,100,2.2,2.2
"Wolffia arrhiza (L.) Horkel ex Wimm.",2.2,100,2.2,2.2
"Salix triandra L. subsp. triandra",2.2,100,2.2,2.2
"Salix purpurea L. subsp. purpurea",2.2,100,2.2,2.2
"Phelipanche ramosa (L.) Pomel",2.2,100,2.2,2.2
"Orobanche crenata Forssk.",2.2,100,2.2,2.2
"Dittrichia graveolens (L.) Greuter",2.2,100,2.2,2.2
"Melica minuta L. subsp. minuta",9.7,100,9.7,9.7
"Salix alba L.",13.2,200,11.2,2.2
"Pentanema britannicum (L.) D.Gut.Larr., Santos-Vicente, Anderb., E.Rico & M.M.Mart.Ort.",69.9,200,69.2,2.2
"Serratula tinctoria L. subsp. tinctoria",2.2,100,2.2,2.2
"Buglossoides arvensis (L.) I.M.Johnst. subsp. arvensis",2.2,100,2.2,2.2
"Melampyrum arvense L. subsp. arvense",0.4,100,0.4,0.4
"Scrophularia peregrina L.",2.7,200,2.2,0.4
"Salvia clandestina L.",17.8,200,13.8,4.6
"Lappula squarrosa (Retz.) Dumort.",2.2,100,2.2,2.2
"Mentha pulegium L. subsp. pulegium",0.4,100,0.4,0.4
"Astragalus glycyphyllos L.",5.1,200,4.6,0.4
"Securigera varia (L.) Lassen",2.2,100,2.2,2.2
"Mercurialis annua L.",2.2,100,2.2,2.2
"Serapias cordigera L. subsp. cordigera",2.2,100,2.2,2.2
"Cephalaria transsylvanica (L.) Roem. & Schult.",2.2,100,2.2,2.2
"Knautia integrifolia (L.) Bertol. subsp. integrifolia",2.2,100,2.2,2.2
"Sixalix atropurpurea (L.) Greuter & Burdet",2.2,100,2.2,2.2
"Lomelosia rutifolia (Vahl) Avino & P.Caputo",51.2,200,36.5,23.2
"Dasypyrum villosum (L.) P.Candargy",24.9,200,23.2,2.2
"Triticum neglectum (Req.ex Bertol.) Greuter",74.6,300,59.1,2.2
"Elymus caninus (L.) L.",0.4,100,0.4,0.4
"Carthamus lanatus L.",2.2,100,2.2,2.2
"Brassica nigra (L.) W.D.J.Koch",2.2,100,2.2,2.2
"Ophrys funerea Viv.",2.2,100,2.2,2.2
"Vicia peregrina L.",69.2,100,69.2,69.2
"Salvia pratensis L. subsp. pratensis",2.2,100,2.2,2.2
"Clinopodium nepeta (L.) Kuntze subsp. nepeta",24.9,200,23.2,2.2
"Berula erecta (Huds.) Coville",24.9,200,23.2,2.2
"Stachys romana (L.) E.H.L.Krause",2.2,100,2.2,2.2
"Daucus pumilus (L.) Hoffmanns. & Link",27.3,300,13.8,7.3
"Galium mollugo L.",2.2,100,2.2,2.2
"Moenchia erecta (L.) G.Gaertn., B.Mey. & Scherb. subsp. erecta",69.2,100,69.2,69.2
"Althaea cannabina L.",2.2,100,2.2,2.2
"Agrostemma githago L.",72.7,200,69.2,11.2
"Hypericum australe Ten.",69.2,100,69.2,69.2
"Trigonella smallii Coulot & Rabaute",23.2,100,23.2,23.2
"Kickxia elatine (L.) Dumort. subsp. elatine",2.2,100,2.2,2.2
"Kickxia spuria (L.) Dumort. subsp. spuria",47.8,100,47.8,47.8
"Centaurea solstitialis L. subsp. solstitialis",2.2,100,2.2,2.2
"Centaurea cyanus L.",2.2,100,2.2,2.2
"Chondrilla juncea L.",2.2,100,2.2,2.2
"Campanula erinus L.",2.2,100,2.2,2.2
"Medicago murex Willd.",2.2,100,2.2,2.2
"Herniaria hirsuta L. subsp. hirsuta",2.2,100,2.2,2.2
"Onopordum acanthium L. subsp. acanthium",2.2,100,2.2,2.2
"Sedum album L. subsp. album",2.2,100,2.2,2.2
"Sedum dasyphyllum L. subsp. dasyphyllum",0.4,100,0.4,0.4
"Astragalus hamosus L.",22.5,100,22.5,22.5
"Turgenia latifolia (L.) Hoffm.",2.2,100,2.2,2.2
"Lithospermum officinale L.",2.2,100,2.2,2.2
"Medicago orbicularis (L.) Bartal.",2.2,100,2.2,2.2
"Medicago lupulina L.",2.2,100,2.2,2.2
"Scorpiurus subvillosus L.",22.5,100,22.5,22.5
"Echium vulgare L. subsp. vulgare",2.2,100,2.2,2.2
"Coronilla scorpioides (L.) W.D.J.Koch",2.2,100,2.2,2.2
"Lathyrus sativus L.",0.4,100,0.4,0.4
"Torilis africana Spreng.",9.7,100,9.7,9.7
"Vicia benghalensis L.",76.3,200,69.2,23.2
"Trifolium repens L.",2.2,100,2.2,2.2
"Onobrychis viciifolia Scop.",23.2,100,23.2,23.2
"Trifolium ochroleucon Huds.",4.6,100,4.6,4.6
"Trigonella italica (L.) Coulot & Rabaute",22.5,100,22.5,22.5
"Trigonella officinalis (L.) Coulot & Rabaute",2.2,100,2.2,2.2
"Echium italicum L. subsp. italicum",24.9,200,23.2,2.2
"Eryngium campestre L.",2.2,100,2.2,2.2
"Cerastium glutinosum Fr.",23.2,100,23.2,23.2
"Spergularia marina (L.) Besser",76.7,300,51.9,19.1
"Hyoscyamus albus L.",24.9,200,23.2,2.2
"Asperula arvensis L.",2.2,100,2.2,2.2
"Sison amomum L.",20.7,200,19.1,2
"Phleum pratense L. subsp. pratense",2.2,100,2.2,2.2
"Sporobolus aculeatus (L.) P.M.Peterson",17.1,200,13.8,3.8
"Melica ciliata L. subsp. ciliata",2.2,100,2.2,2.2
"Leontodon tuberosus L.",2.2,100,2.2,2.2
"Cynosurus cristatus L.",0.4,100,0.4,0.4
"Cruciata laevipes Opiz",2.2,100,2.2,2.2
"Callitriche palustris L.",22.5,100,22.5,22.5
"Achillea ageratum L.",48.8,200,47.7,2.2
"Hieracium umbellatum L. subsp. umbellatum",68.6,200,59.1,23.2
"Eragrostis pilosa (L.) P.Beauv. subsp. pilosa",2.2,100,2.2,2.2
"Erodium acaule (L.) Bech. & Thell.",23.2,100,23.2,23.2
"Helichrysum luteoalbum (L.) Rchb.",69.3,200,69.2,0.3
"Eragrostis cilianensis (All.) Vignolo ex Janch. subsp. cilianensis",2.2,100,2.2,2.2
"Bromus squarrosus L. subsp. squarrosus",2.2,100,2.2,2.2
"Bromopsis benekenii (Lange) Holub",4.6,100,4.6,4.6
"Datura stramonium L.",79.9,300,69.2,14.9
"Hyoscyamus niger L.",2.2,100,2.2,2.2
"Medicago polymorpha L.",2.2,100,2.2,2.2
"Medicago ciliaris (L.) All.",47.8,100,47.8,47.8
"Moehringia pentandra Gay",2.2,100,2.2,2.2
"Linum strictum L. subsp. strictum",76.3,200,69.2,23.2
"Spergularia rubra (L.) J.Presl & C.Presl",88.4,200,66,65.7
"Ervilia sativa Link",2.2,100,2.2,2.2
"Calendula arvensis (Vaill.) L.",2.2,100,2.2,2.2
"Genista tinctoria L.",23.2,100,23.2,23.2
"Trifolium striatum L. subsp. striatum",89.5,200,69.2,66
"Solenopsis laurentia (L.) C.Presl",78.4,200,66,36.5
"Centaurea deusta Ten.",10.5,100,10.5,10.5
"Lysimachia minima (L.) U.Manns & Anderb.",36.5,100,36.5,36.5
"Glyceria spicata Guss.",13.2,100,13.2,13.2
"Gnaphalium uliginosum L.",69.6,200,66,10.5
"Salvia verticillata L. subsp. verticillata",10.5,100,10.5,10.5
"Bupleurum baldense Turra",36.5,100,36.5,36.5
"Mespilus germanica L.",10.5,100,10.5,10.5
"Salvia nemorosa L. subsp. nemorosa",10.5,100,10.5,10.5
"Calamagrostis epigejos (L.) Roth subsp. epigejos",74,200,59.1,36.5
"Vitex agnus-castus L.",36.5,100,36.5,36.5
"Narcissus tazetta L. subsp. aureus (Loisel.) Baker",2.9,100,2.9,2.9
"Rumex obtusifolius L. subsp. obtusifolius",66,100,66,66
"Euphorbia platyphyllos L.",36.5,100,36.5,36.5
"Achnatherum bromoides (L.) P.Beauv.",36.5,100,36.5,36.5
"Trifolium strictum L.",66,100,66,66
"Knautia arvensis (L.) Coult.",66,100,66,66
"Malva arborea (L.) Webb & Berthel.",77.2,200,53.4,51.1
"Ornithopus pinnatus (Mill.) Druce",660.2,100,660.2,660.2
"Potentilla pedata Willd. ex Hornem.",89.1,200,69.2,64.5
"Epilobium hirsutum L.",90.1,200,88.9,10.5
"Arctium tomentosum Mill.",2.9,100,2.9,2.9
"Solidago gigantea Aiton",10.5,100,10.5,10.5
"Hordeum secalinum Schreb.",66,100,66,66
"Trifolium ligusticum Balb. ex Loisel.",66,100,66,66
"Trifolium glomeratum L.",660.2,100,660.2,660.2
"Andryala integrifolia L.",69.2,100,69.2,69.2
"Dracunculus vulgaris Schott",69.2,100,69.2,69.2
"Typha minima Funk",45.1,100,45.1,45.1
"Anacyclus radiatus Loisel. subsp. radiatus",69.2,100,69.2,69.2
"Aira elegantissima Schur subsp. elegantissima",69.2,100,69.2,69.2
"Hieracium murorum L.",29.2,200,17.8,13.8
"Centaurea aspera L. subsp. aspera",69.2,100,69.2,69.2
"Sporobolus alopecuroides (Piller & Mitterp.) P.M.Peterson",40.1,100,40.1,40.1
"Tanacetum vulgare L. subsp. vulgare",69.2,100,69.2,69.2
"Prospero autumnale (L.) Speta",69.2,100,69.2,69.2
"Asphodelus ramosus L. subsp. ramosus",69.2,100,69.2,69.2
"Allium chamaemoly L. subsp. chamaemoly",69.2,100,69.2,69.2
"Allium coloratum Spreng.",69.2,100,69.2,69.2
"Plantago lagopus L.",69.2,100,69.2,69.2
"Quercus cerris L.",69.2,100,69.2,69.2
"Linum trigynum L.",69.2,100,69.2,69.2
"Quercus suber L.",69.2,100,69.2,69.2
"Ervilia sylvatica (L.) Schur",69.2,100,69.2,69.2
"Cutandia maritima (L.) Benth. ex Barbey",67.1,200,45.1,40.1
"Dianthus armeria L. subsp. armeria",68.3,100,68.3,68.3
"Crocus biflorus Mill.",85.2,200,69.2,51.9
"Romulea bulbocodium (L.) Sebast. & Mauri",69.2,100,69.2,69.2
"Geranium columbinum L.",69.2,100,69.2,69.2
"Trifolium bocconei Savi",69.2,100,69.2,69.2
"Trifolium micranthum Viv.",692,100,692,692
"Vicia disperma DC.",692,100,692,692
"Anthriscus sylvestris (L.) Hoffm. subsp. sylvestris",69.2,100,69.2,69.2
"Trifolium incarnatum L. subsp. incarnatum",69.2,100,69.2,69.2
"Cytisus villosus Pourr.",69.2,100,69.2,69.2
"Nepeta cataria L.",69.2,100,69.2,69.2
"Lathyrus sylvestris L. subsp. sylvestris",69.2,100,69.2,69.2
"Lathyrus palustris L.",692,100,692,692
"Linaria pelisseriana (L.) Mill.",112.1,100,112.1,112.1
"Allium roseum L. subsp. roseum",11.2,100,11.2,11.2
"Cynanchum acutum L. subsp. acutum",47.7,100,47.7,47.7
"Triglochin maritima L.",31.5,100,31.5,31.5
"Potamogeton perfoliatus L.",67.1,100,67.1,67.1
"Arisarum vulgare O.Targ.Tozz. subsp. vulgare",1.1,100,1.1,1.1
"Romulea ramiflora Ten. subsp. ramiflora",67.1,100,67.1,67.1
"Bupleurum tenuissimum L.",67.1,100,67.1,67.1
"Vicia cassubica L.",59.1,100,59.1,59.1
"Sparganium emersum Rehmann",88.9,100,88.9,88.9
"Crepis pulchra L. subsp. pulchra",88.9,100,88.9,88.9
"Cirsium oleraceum (L.) Scop.",17.8,100,17.8,17.8
"Cyclospermum leptophyllum (Pers.) Sprague ex Britton & P.Wilson",88.9,100,88.9,88.9
"Geropogon hybridus (L.) Sch.Bip.",88.9,100,88.9,88.9
"Carlina lanata L.",88.9,100,88.9,88.9
"Trisetaria segetum (Savi) Soldano",88.9,100,88.9,88.9
"Podospermum laciniatum (L.) DC. subsp. laciniatum",88.9,100,88.9,88.9
"Pallenis spinosa (L.) Cass. subsp. spinosa",89.1,200,88.9,2
"Tanacetum parthenium (L.) Sch.Bip.",88.9,100,88.9,88.9
"Sphenopus divaricatus (Gouan) Rchb.",88.9,100,88.9,88.9
"Galeopsis angustifolia Hoffm. subsp. angustifolia",88.9,100,88.9,88.9
"Bromus arvensis L. s.l.",88.9,100,88.9,88.9
"Lysimachia punctata L.",88.9,100,88.9,88.9
"Filipendula vulgaris Moench",88.9,100,88.9,88.9
"Convolvulus silvaticus Kit.",88.9,100,88.9,88.9
"Damasonium alisma Mill.",88.9,100,88.9,88.9
"Galatella linosyris (L.) Rchb.f. subsp. linosyris",96.6,300,191.3,87.9
"Viburnum opulus L.",88.9,100,88.9,88.9
"Carthamus caeruleus L.",2,100,2,2
"Linaria vulgaris Mill. subsp. vulgaris",89.1,200,88.9,2
"Crepis neglecta L.",88.9,100,88.9,88.9
"Medicago scutellata (L.) Mill.",88.9,100,88.9,88.9
"Vicia bithynica (L.) L.",17.8,100,17.8,17.8
"Cytisus scoparius (L.) Link subsp. scoparius",88.9,100,88.9,88.9
"Trifolium squarrosum L.",88.9,100,88.9,88.9
"Catabrosa aquatica (L.) P.Beauv.",88.9,100,88.9,88.9
"Koeleria splendens C.Presl",88.9,100,88.9,88.9
"Urospermum dalechampii (L.) F.W.Schmidt",88.9,100,88.9,88.9
"Cymbalaria muralis G.Gaertn., B.Mey. & Scherb. subsp. muralis",88.9,100,88.9,88.9
"Myosotis ramosissima Rochel subsp. ramosissima",88.9,100,88.9,88.9
"Festuca geniculata (L.) Lag. & Rodr. subsp. geniculata",88.9,100,88.9,88.9
"Veronica prostrata L.",88.9,100,88.9,88.9
"Verbascum pulverulentum Vill.",290.2,100,290.2,290.2
"Pyrus cordata Desv.",46.5,100,46.5,46.5
"Vicia elegantissima Shuttlew. ex Rouy",66.7,100,66.7,66.7
"Genista pilosa L.",13.4,100,13.4,13.4
"Schoenoplectus triqueter (L.) Palla",48.5,100,48.5,48.5
